1652362761.9700887,s
1652362860.2746556,f
1652362886.720378,s
1652363098.383136,f
1652363126.9348273,s
1652363298.5245295,f
1652363380.635013,s
1652363481.4388392,f
1652363548.5040762,s
1652363646.855065,f
1652363673.1951613,s
1652363846.144209,f
1652363877.3356838,s
1652364086.346353,f
1652364113.953172,s
1652364175.7316196,f
1652364203.1346853,s
1652364265.9562023,f
1652364291.3706226,s
1652364394.1803856,f
1652364421.557559,s
1652364634.0148826,f
1652364668.9615622,s
1652364804.4805245,f
1652364931.2707596,s
1652365070.4407651,f
1652365293.6114602,s
1652365428.7007744,f
1652365536.1182022,s
1652365608.8111029,f
1652365633.8187616,s
1652365733.3831046,f
1652365767.3235784,s
1652365905.313617,f
1652365967.526604,s
1652366104.6734312,f
1652366128.3304615,s
1652366306.327844,f
1652366373.9453537,s
1652366434.7701945,f
1652366461.7291937,s
1652366563.5034034,f
1652366591.5988164,s
1652366698.3435502,f
1652366729.0538797,s
1652366908.1602364,f
1652366934.306896,s
1652366995.3838475,f
1652367042.8207307,s
1652367144.1600645,f
1652367173.9229307,s
1652367237.5654376,f
1652367264.2526925,s
1652367363.1745377,f
1652367391.6081316,s
1652367586.5917308,f
